연번,조사연도,국가,분류,구분,사례수(명),30분미만(비율),30분이상-1시간미만(비율),1시간이상-2시간미만(비율),2시간이상-3시간미만(비율),3시간이상-4시간미만(비율),4시간이상-5시간미만(비율),5시간이상(비율),평균(분),시청콘텐츠,주말구분
1,2018,말레이시아,연령별,전체,192,6.3,16.7,29.7,21.9,16.7,4.2,4.7,,,
2,2018,말레이시아,연령별,10대,36,2.8,22.2,22.2,27.8,11.1,5.6,8.3,,,
3,2018,말레이시아,연령별,20대,48,10.4,10.4,33.3,27.1,14.6,2.1,2.1,,,
4,2018,말레이시아,연령별,30대,45,4.4,8.9,31.1,22.2,15.6,8.9,8.9,,,
5,2018,말레이시아,연령별,40대,44,2.3,25,29.5,13.6,25,2.3,2.3,,,
6,2018,말레이시아,연령별,50대 이상,19,15.8,21.1,31.6,15.8,15.8,0,0,,,
7,2018,베트남,연령별,전체,266,14.3,30.1,30.8,15.4,5.6,3,0.8,,,
8,2018,베트남,연령별,10대,36,22.2,22.2,36.1,11.1,5.6,2.8,0,,,
9,2018,베트남,연령별,20대,60,20,33.3,23.3,16.7,6.7,0,0,,,
10,2018,베트남,연령별,30대,78,12.8,24.4,29.5,17.9,6.4,9,0,,,
11,2018,베트남,연령별,40대,61,9.8,37.7,34.4,9.8,4.9,0,3.3,,,
12,2018,베트남,연령별,50대 이상,31,6.5,32.3,35.5,22.6,3.2,0,0,,,
13,2018,싱가포르,연령별,전체,212,9,24.1,37.3,19.3,6.1,2.4,1.9,,,
14,2018,싱가포르,연령별,10대,48,8.3,16.7,39.6,14.6,14.6,6.3,0,,,
15,2018,싱가포르,연령별,20대,45,4.4,24.4,40,22.2,2.2,2.2,4.4,,,
16,2018,싱가포르,연령별,30대,32,6.3,28.1,53.1,9.4,3.1,0,0,,,
17,2018,싱가포르,연령별,40대,54,16.7,27.8,22.2,22.2,7.4,1.9,1.9,,,
18,2018,싱가포르,연령별,50대 이상,33,6.1,24.2,39.4,27.3,0,0,3,,,
19,2018,인도네시아,연령별,전체,224,9.4,18.8,29.5,23.7,8.5,4.5,5.8,,,
20,2018,인도네시아,연령별,10대,31,6.5,22.6,45.2,19.4,3.2,0,3.2,,,
21,2018,인도네시아,연령별,20대,58,6.9,20.7,19,25.9,6.9,10.3,10.3,,,
22,2018,인도네시아,연령별,30대,57,12.3,17.5,31.6,24.6,7,3.5,3.5,,,
23,2018,인도네시아,연령별,40대,50,6,22,28,24,14,4,2,,,
24,2018,인도네시아,연령별,50대 이상,28,17.9,7.1,32.1,21.4,10.7,0,10.7,,,
25,2018,태국,연령별,전체,319,4.7,18.2,32.3,21.6,11.6,6.6,5,,,
26,2018,태국,연령별,10대,60,5,11.7,35,23.3,11.7,8.3,5,,,
27,2018,태국,연령별,20대,74,6.8,16.2,35.1,16.2,12.2,9.5,4.1,,,
28,2018,태국,연령별,30대,73,1.4,27.4,28.8,27.4,11,1.4,2.7,,,
29,2018,태국,연령별,40대,69,4.3,14.5,29,21.7,14.5,7.2,8.7,,,
30,2018,태국,연령별,50대 이상,43,7,20.9,34.9,18.6,7,7,4.7,,,
31,2019,인도,국가별,전체,265,1.5,18.5,36.2,26,10.6,4.5,2.6,,,
32,2019,터키,국가별,전체,287,2.1,10.1,26.5,30.7,14.3,10.8,5.6,,,
33,2019,캐나다,국가별,전체,236,7.2,19.9,35.2,19.5,9.3,4.2,4.7,,,
34,2019,헝가리,국가별,전체,142,7.7,23.2,33.8,19,12,1.4,2.8,,,
35,2019,인도,성별,남성,127,1.6,21.3,36.2,27.6,9.4,1.6,2.4,,,
36,2019,인도,성별,여성,138,1.4,15.9,36.2,24.6,11.6,7.2,2.9,,,
37,2019,터키,성별,남성,111,2.7,12.6,35.1,26.1,12.6,6.3,4.5,,,
38,2019,터키,성별,여성,176,1.7,8.5,21,33.5,15.3,13.6,6.3,,,
39,2019,캐나다,성별,남성,114,7,21.9,37.7,17.5,9.6,1.8,4.4,,,
40,2019,캐나다,성별,여성,122,7.4,18,32.8,21.3,9,6.6,4.9,,,
41,2019,헝가리,성별,남성,76,7.9,22.4,31.6,17.1,17.1,0,3.9,,,
42,2019,헝가리,성별,여성,66,7.6,24.2,36.4,21.2,6.1,3,1.5,,,
43,2019,인도,연령별,10대,25,8,8,40,32,4,4,4,,,
44,2019,인도,연령별,20대,64,0,25,31.3,20.3,15.6,0,7.8,,,
45,2019,인도,연령별,30대,77,1.3,15.6,37.7,26,11.7,6.5,1.3,,,
46,2019,인도,연령별,40대,58,0,13.8,41.4,24.1,10.3,10.3,0,,,
47,2019,인도,연령별,50대 이상,41,2.4,26.8,31.7,34.1,4.9,0,0,,,
48,2019,터키,연령별,10대,22,4.5,27.3,27.3,18.2,22.7,0,0,,,
49,2019,터키,연령별,20대,60,0,6.7,23.3,31.7,16.7,10,11.7,,,
50,2019,터키,연령별,30대,78,1.3,7.7,25.6,30.8,11.5,17.9,5.1,,,
51,2019,터키,연령별,40대,69,4.3,8.7,21.7,30.4,17.4,15.9,1.4,,,
52,2019,터키,연령별,50대 이상,58,1.7,12.1,36.2,34.5,8.6,0,6.9,,,
53,2019,캐나다,연령별,10대,37,5.4,24.3,37.8,18.9,8.1,0,5.4,,,
54,2019,캐나다,연령별,20대,54,5.6,20.4,31.5,22.2,11.1,5.6,3.7,,,
55,2019,캐나다,연령별,30대,54,5.6,11.1,35.2,24.1,9.3,5.6,9.3,,,
56,2019,캐나다,연령별,40대,55,9.1,23.6,34.5,18.2,9.1,5.5,0,,,
57,2019,캐나다,연령별,50대 이상,36,11.1,22.2,38.9,11.1,8.3,2.8,5.6,,,
58,2019,헝가리,연령별,10대,16,6.3,25,43.8,12.5,12.5,0,0,,,
59,2019,헝가리,연령별,20대,42,9.5,19,35.7,19,9.5,4.8,2.4,,,
60,2019,헝가리,연령별,30대,38,0,28.9,31.6,26.3,10.5,0,2.6,,,
61,2019,헝가리,연령별,40대,30,10,20,36.7,10,16.7,0,6.7,,,
62,2019,헝가리,연령별,50대 이상,16,18.8,25,18.8,25,12.5,0,0,,,
63,2019,인도,학력별,고졸 이하,19,5.3,21.1,42.1,31.6,0,0,0,,,
64,2019,인도,학력별,대졸 이상,246,1.2,18.3,35.8,25.6,11.4,4.9,2.8,,,
65,2019,터키,학력별,고졸 이하,47,4.3,10.6,27.7,36.2,14.9,4.3,2.1,,,
66,2019,터키,학력별,대졸 이상,240,1.7,10,26.3,29.6,14.2,12.1,6.3,,,
67,2019,캐나다,학력별,고졸 이하,55,3.6,16.4,36.4,14.5,9.1,7.3,12.7,,,
68,2019,캐나다,학력별,대졸 이상,181,8.3,21,34.8,21,9.4,3.3,2.2,,,
69,2019,헝가리,학력별,고졸 이하,59,11.9,18.6,30.5,23.7,10.2,0,5.1,,,
70,2019,헝가리,학력별,대졸 이상,83,4.8,26.5,36.1,15.7,13.3,2.4,1.2,,,
71,2019,인도,직업별,사무·전문직,209,0.5,16.7,34,28.7,11.5,5.3,3.3,,,
72,2019,인도,직업별,서비스·생산직,15,6.7,33.3,40,13.3,6.7,0,0,,,
73,2019,인도,직업별,학생/주부/무직,41,4.9,22,46.3,17.1,7.3,2.4,0,,,
74,2019,터키,직업별,사무·전문직,200,2.5,8,27,31.5,13.5,12,5.5,,,
75,2019,터키,직업별,서비스·생산직,19,0,26.3,26.3,21.1,15.8,5.3,5.3,,,
76,2019,터키,직업별,학생/주부/무직,68,1.5,11.8,25,30.9,16.2,8.8,5.9,,,
77,2019,캐나다,직업별,사무·전문직,136,8.8,20.6,38.2,17.6,9.6,2.2,2.9,,,
78,2019,캐나다,직업별,서비스·생산직,34,5.9,20.6,32.4,17.6,8.8,8.8,5.9,,,
79,2019,캐나다,직업별,학생/주부/무직,66,4.5,18.2,30.3,24.2,9.1,6.1,7.6,,,
80,2019,헝가리,직업별,사무·전문직,83,8.4,26.5,33.7,16.9,9.6,1.2,3.6,,,
81,2019,헝가리,직업별,서비스·생산직,23,4.3,8.7,30.4,30.4,21.7,0,4.3,,,
82,2019,헝가리,직업별,학생/주부/무직,36,8.3,25,36.1,16.7,11.1,2.8,0,,,
83,2019,인도,소득별,"40,000 이상",163,1.2,17.2,36.2,28.2,10.4,4.3,2.5,,,
84,2019,인도,소득별,"40,000 미만",102,2,20.6,36.3,22.5,10.8,4.9,2.9,,,
85,2019,터키,소득별,"8,000 이상",178,1.7,9.6,27.5,30.9,12.9,11.2,6.2,,,
86,2019,터키,소득별,"8,000 미만",109,2.8,11,24.8,30.3,16.5,10.1,4.6,,,
87,2019,캐나다,소득별,"5,000 이상",121,10.7,17.4,36.4,15.7,11.6,3.3,5,,,
88,2019,캐나다,소득별,"5,000 미만",115,3.5,22.6,33.9,23.5,7,5.2,4.3,,,
89,2019,헝가리,소득별,"500,000 이상",58,6.9,19,41.4,19,8.6,1.7,3.4,,,
90,2019,헝가리,소득별,"500,000 미만",84,8.3,26.2,28.6,19,14.3,1.2,2.4,,,
91,2019,인도,고객가치별,고관여자,85,0,8.2,30.6,29.4,17.6,7.1,7.1,,,
92,2019,인도,고객가치별,중관여자,109,0,16.5,38.5,31.2,7.3,5.5,0.9,,,
93,2019,인도,고객가치별,저관여자,71,5.6,33.8,39.4,14.1,7,0,0,,,
94,2019,터키,고객가치별,고관여자,136,0,1.5,13.2,40.4,19.1,16.2,9.6,,,
95,2019,터키,고객가치별,중관여자,107,1.9,19.6,37.4,22.4,10.3,6.5,1.9,,,
96,2019,터키,고객가치별,저관여자,44,9.1,13.6,40.9,20.5,9.1,4.5,2.3,,,
97,2019,캐나다,고객가치별,고관여자,78,5.1,19.2,20.5,21.8,16.7,9,7.7,,,
98,2019,캐나다,고객가치별,중관여자,113,8,16.8,38.1,22.1,8,2.7,4.4,,,
99,2019,캐나다,고객가치별,저관여자,45,8.9,28.9,53.3,8.9,0,0,0,,,
100,2019,헝가리,고객가치별,고관여자,61,4.9,11.5,27.9,27.9,21.3,1.6,4.9,,,
101,2019,헝가리,고객가치별,중관여자,61,8.2,32.8,39.3,11.5,4.9,1.6,1.6,,,
102,2019,헝가리,고객가치별,저관여자,20,15,30,35,15,5,0,0,,,
103,2019,미국,성별,남성,163,7.4,22.1,25.2,19.6,12.3,6.7,6.7,,,
104,2019,미국,성별,여성,168,8.3,14.9,28,19,16.1,4.8,8.9,,,
105,2019,미국,연령별,10대,49,8.2,24.5,22.4,26.5,6.1,8.2,4.1,,,
106,2019,미국,연령별,20대,70,2.9,11.4,32.9,14.3,21.4,2.9,14.3,,,
107,2019,미국,연령별,30대,93,2.2,17.2,24.7,22.6,18.3,5.4,9.7,,,
108,2019,미국,연령별,40대,80,13.8,16.3,25,18.8,13.8,10,2.5,,,
109,2019,미국,연령별,50대 이상,39,17.9,30.8,28.2,12.8,2.6,0,7.7,,,
110,2019,미국,지역별,LA 및 인근지역,118,8.5,12.7,24.6,21.2,12.7,10.2,10.2,,,
111,2019,미국,지역별,뉴욕 및 인근지역,117,6,18.8,28.2,17.9,21.4,2.6,5.1,,,
112,2019,미국,지역별,시카고 및 인근지역,96,9.4,25,27.1,18.8,7.3,4.2,8.3,,,
113,2019,미국,학력별,고졸 이하,78,3.8,19.2,26.9,16.7,15.4,7.7,10.3,,,
114,2019,미국,학력별,대졸,183,9.3,14.8,29.5,19.7,13.7,4.9,8.2,,,
115,2019,미국,학력별,대학원 이상,70,8.6,27.1,18.6,21.4,14.3,5.7,4.3,,,
116,2019,미국,인종별,백인,165,12.1,18.8,32.7,17.6,9.1,3,6.7,,,
117,2019,미국,인종별,흑인,44,2.3,13.6,20.5,25,11.4,13.6,13.6,,,
118,2019,미국,인종별,히스패닉,55,5.5,12.7,20,16.4,23.6,9.1,12.7,,,
119,2019,미국,인종별,아시아인,39,2.6,28.2,20.5,25.6,15.4,5.1,2.6,,,
120,2019,미국,인종별,기타,2,0,0,50,50,0,0,0,,,
121,2019,미국,인종별,무응답,26,3.8,23.1,19.2,15.4,30.8,3.8,3.8,,,
122,2019,미국,직업별,사무·전문직,193,8.3,19.7,20.2,20.7,16.6,6.2,8.3,,,
123,2019,미국,직업별,생산직,23,0,8.7,43.5,26.1,13,4.3,4.3,,,
124,2019,미국,직업별,서비스업,16,12.5,18.8,43.8,0,6.3,0,18.8,,,
125,2019,미국,직업별,학생,58,6.9,20.7,24.1,24.1,13.8,5.2,5.2,,,
126,2019,미국,직업별,주부,14,14.3,7.1,71.4,0,7.1,0,0,,,
127,2019,미국,직업별,농림어업/군인,4,0,25,50,25,0,0,0,,,
128,2019,미국,직업별,기타/무직,23,8.7,17.4,26.1,13,8.7,13,13,,,
129,2019,미국,소득별,"3,000$ 미만",56,12.5,17.9,28.6,12.5,10.7,3.6,14.3,,,
130,2019,미국,소득별,"3,000$~5,000$ 미만",61,6.6,18,37.7,16.4,9.8,6.6,4.9,,,
131,2019,미국,소득별,"5,000$~7,000$ 미만",55,12.7,14.5,25.5,27.3,16.4,1.8,1.8,,,
132,2019,미국,소득별,"7,000$ 이상~10,000$ 미만",72,1.4,19.4,23.6,23.6,18.1,8.3,5.6,,,
133,2019,미국,소득별,"10,000$ 이상",87,8,20.7,20.7,17.2,14.9,6.9,11.5,,,
134,2020,영국,국가별,전체,439,5,0,8.2,12.5,14.6,12.3,47.4,286.5,방송프로그램,주중
135,2020,호주,국가별,전체,301,21.9,2.3,17.9,21.3,10.3,11.6,14.6,141.1,방송프로그램,주중
136,2020,러시아,국가별,전체,367,24,5.4,20.4,24.5,10.6,4.6,10.4,117.6,방송프로그램,주중
137,2020,브라질,국가별,전체,368,12.8,1.6,14.7,35.1,20.4,4.1,11.4,146.1,방송프로그램,주중
138,2020,UAE,국가별,전체,355,21.7,2,22.8,25.1,14.1,8.5,5.9,115.4,방송프로그램,주중
139,2020,영국,성별,남성,231,3.9,0,9.1,12.1,13.9,11.3,49.8,289.4,방송프로그램,주중
140,2020,영국,성별,여성,208,6.3,0,7.2,13,15.4,13.5,44.7,283.4,방송프로그램,주중
141,2020,호주,성별,남성,146,17.8,2.1,17.1,24.7,11.6,12.3,14.4,148.9,방송프로그램,주중
142,2020,호주,성별,여성,155,25.8,2.6,18.7,18.1,9,11,14.8,133.7,방송프로그램,주중
143,2020,러시아,성별,남성,185,23.8,7.6,17.3,25.9,9.2,6.5,9.7,119.1,방송프로그램,주중
144,2020,러시아,성별,여성,182,24.2,3.3,23.6,23.1,12.1,2.7,11,116.1,방송프로그램,주중
145,2020,브라질,성별,남성,185,9.7,2.2,14.6,37.8,17.8,4.9,13,150.7,방송프로그램,주중
146,2020,브라질,성별,여성,183,15.8,1.1,14.8,32.2,23,3.3,9.8,141.4,방송프로그램,주중
147,2020,UAE,성별,남성,184,20.7,2.2,22.8,26.1,13,7.6,7.6,118.2,방송프로그램,주중
148,2020,UAE,성별,여성,171,22.8,1.8,22.8,24,15.2,9.4,4.1,112.3,방송프로그램,주중
149,2020,영국,연령별,10대,64,9.4,0,9.4,9.4,21.9,9.4,40.6,255.4,방송프로그램,주중
150,2020,영국,연령별,20대,86,4.7,0,9.3,17.4,14,8.1,46.5,277.3,방송프로그램,주중
151,2020,영국,연령별,30대,82,4.9,0,3.7,13.4,11,12.2,54.9,306,방송프로그램,주중
152,2020,영국,연령별,40대,74,2.7,0,13.5,8.1,8.1,14.9,52.7,307.5,방송프로그램,주중
153,2020,영국,연령별,50대 이상,133,4.5,0,6.8,12.8,17.3,15,43.6,283.9,방송프로그램,주중
154,2020,호주,연령별,10대,48,22.9,2.1,14.6,16.7,14.6,8.3,20.8,162.3,방송프로그램,주중
155,2020,호주,연령별,20대,77,16.9,2.6,20.8,18.2,10.4,11.7,19.5,155.5,방송프로그램,주중
156,2020,호주,연령별,30대,59,23.7,3.4,18.6,18.6,13.6,16.9,5.1,121.5,방송프로그램,주중
157,2020,호주,연령별,40대,51,21.6,2,17.6,37.3,2,7.8,11.8,120,방송프로그램,주중
158,2020,호주,연령별,50대 이상,66,25.8,1.5,16.7,18.2,10.6,12.1,15.2,142.6,방송프로그램,주중
159,2020,러시아,연령별,10대,50,14,2,16,30,10,8,20,165.8,방송프로그램,주중
160,2020,러시아,연령별,20대,75,16,5.3,18.7,29.3,14.7,5.3,10.7,131.4,방송프로그램,주중
161,2020,러시아,연령별,30대,65,20,1.5,24.6,26.2,15.4,4.6,7.7,119.2,방송프로그램,주중
162,2020,러시아,연령별,40대,64,23.4,9.4,18.8,28.1,9.4,1.6,9.4,115.4,방송프로그램,주중
163,2020,러시아,연령별,50대 이상,113,36.3,7.1,22.1,15.9,6.2,4.4,8,87.6,방송프로그램,주중
164,2020,브라질,연령별,10대,48,12.5,6.3,14.6,29.2,22.9,2.1,12.5,143.2,방송프로그램,주중
165,2020,브라질,연령별,20대,65,3.1,1.5,15.4,38.5,24.6,3.1,13.8,160,방송프로그램,주중
166,2020,브라질,연령별,30대,75,12,0,17.3,30.7,18.7,6.7,14.7,159.4,방송프로그램,주중
167,2020,브라질,연령별,40대,64,15.6,1.6,12.5,32.8,21.9,4.7,10.9,147,방송프로그램,주중
168,2020,브라질,연령별,50대 이상,116,17.2,0.9,13.8,39.7,17.2,3.4,7.8,130.3,방송프로그램,주중
169,2020,UAE,연령별,10대,45,40,0,17.8,26.7,6.7,8.9,0,82.4,방송프로그램,주중
170,2020,UAE,연령별,20대,68,16.2,2.9,20.6,19.1,23.5,8.8,8.8,133.6,방송프로그램,주중
171,2020,UAE,연령별,30대,74,18.9,0,25.7,18.9,18.9,5.4,12.2,131.7,방송프로그램,주중
172,2020,UAE,연령별,40대,65,13.8,1.5,21.5,36.9,10.8,10.8,4.6,122.8,방송프로그램,주중
173,2020,UAE,연령별,50대 이상,103,24.3,3.9,25.2,25.2,9.7,8.7,2.9,101.3,방송프로그램,주중
174,2020,영국,학력별,고졸 이하,185,5.4,0,7,9.7,16.8,10.8,50.3,302.1,방송프로그램,주중
175,2020,영국,학력별,대졸 이상,250,4.8,0,9.2,14.4,12.8,13.6,45.2,275.7,방송프로그램,주중
176,2020,호주,학력별,고졸 이하,124,23.4,1.6,13.7,21.8,10.5,12.1,16.9,152.5,방송프로그램,주중
177,2020,호주,학력별,대졸 이상,172,20.9,2.9,20.3,20.9,10.5,11.6,12.8,133.2,방송프로그램,주중
178,2020,러시아,학력별,고졸 이하,103,26.2,2.9,17.5,24.3,7.8,5.8,15.5,131.9,방송프로그램,주중
179,2020,러시아,학력별,대졸 이상,260,23.1,6.5,21.5,25,11.9,4.2,7.7,111,방송프로그램,주중
180,2020,브라질,학력별,고졸 이하,169,15.4,1.8,14.2,33.7,19.5,4.7,10.7,142.3,방송프로그램,주중
181,2020,브라질,학력별,대졸 이상,198,10.6,1.5,15.2,36.4,20.7,3.5,12.1,149.1,방송프로그램,주중
182,2020,UAE,학력별,고졸 이하,76,27.6,0,19.7,30.3,13.2,3.9,5.3,102.4,방송프로그램,주중
183,2020,UAE,학력별,대졸 이상,274,19.3,2.6,24.1,23.7,14.2,9.9,6.2,120,방송프로그램,주중
184,2020,영국,직업별,전일제근로자,194,3.6,0,6.7,14.4,14.9,12.9,47.4,278.7,방송프로그램,주중
185,2020,영국,직업별,자영업자,49,4.1,0,8.2,14.3,12.2,16.3,44.9,292,방송프로그램,주중
186,2020,영국,직업별,시간제근로자,22,9.1,0,18.2,4.5,18.2,13.6,36.4,274.5,방송프로그램,주중
187,2020,영국,직업별,학생,56,8.9,0,7.1,14.3,25,10.7,33.9,244.9,방송프로그램,주중
188,2020,영국,직업별,가사노동자,25,0,0,12,12,0,16,60,287.7,방송프로그램,주중
189,2020,영국,직업별,은퇴자,40,2.5,0,7.5,12.5,20,10,47.5,293.4,방송프로그램,주중
190,2020,영국,직업별,무직/구직 중,50,8,0,10,6,6,8,62,362.7,방송프로그램,주중
191,2020,호주,직업별,전일제근로자,119,13.4,2.5,22.7,26.1,10.9,14.3,10.1,139.7,방송프로그램,주중
192,2020,호주,직업별,자영업자,52,19.2,3.8,17.3,23.1,7.7,9.6,19.2,151.6,방송프로그램,주중
193,2020,호주,직업별,시간제근로자,10,40,0,10,20,0,10,20,138,방송프로그램,주중
194,2020,호주,직업별,학생,45,35.6,2.2,11.1,13.3,11.1,6.7,20,136.7,방송프로그램,주중
195,2020,호주,직업별,가사노동자,18,22.2,5.6,0,33.3,16.7,16.7,5.6,134.1,방송프로그램,주중
196,2020,호주,직업별,은퇴자,24,37.5,0,12.5,4.2,8.3,12.5,25,162.5,방송프로그램,주중
197,2020,호주,직업별,무직/구직 중,30,23.3,0,26.7,13.3,13.3,10,13.3,126.9,방송프로그램,주중
198,2020,러시아,직업별,전일제근로자,200,22.5,6.5,21.5,29,10,3.5,7,110.1,방송프로그램,주중
199,2020,러시아,직업별,자영업자,15,6.7,13.3,0,40,20,13.3,6.7,165.9,방송프로그램,주중
200,2020,러시아,직업별,시간제근로자,38,18.4,7.9,28.9,10.5,13.2,5.3,15.8,123.7,방송프로그램,주중
201,2020,러시아,직업별,학생,37,16.2,5.4,13.5,35.1,5.4,5.4,18.9,149.4,방송프로그램,주중
202,2020,러시아,직업별,가사노동자,14,28.6,0,28.6,14.3,14.3,7.1,7.1,102.9,방송프로그램,주중
203,2020,러시아,직업별,은퇴자,33,45.5,0,18.2,15.2,6.1,3,12.1,95.6,방송프로그램,주중
204,2020,러시아,직업별,무직/구직 중,22,31.8,0,18.2,4.5,22.7,4.5,18.2,136.3,방송프로그램,주중
205,2020,브라질,직업별,전일제근로자,166,12,2.4,13.3,33.7,18.7,4.8,15.1,154,방송프로그램,주중
206,2020,브라질,직업별,자영업자,31,9.7,0,25.8,35.5,12.9,12.9,3.2,136.9,방송프로그램,주중
207,2020,브라질,직업별,시간제근로자,62,12.9,0,11.3,38.7,25.8,1.6,9.7,149.2,방송프로그램,주중
208,2020,브라질,직업별,학생,35,14.3,5.7,17.1,28.6,22.9,0,11.4,132.1,방송프로그램,주중
209,2020,브라질,직업별,가사노동자,11,9.1,0,18.2,45.5,18.2,9.1,0,133.6,방송프로그램,주중
210,2020,브라질,직업별,은퇴자,34,14.7,0,23.5,35.3,14.7,0,11.8,131.1,방송프로그램,주중
211,2020,브라질,직업별,무직/구직 중,25,20,0,4,36,32,0,8,139.3,방송프로그램,주중
212,2020,UAE,직업별,전일제근로자,199,18.6,2,22.1,26.1,13.1,10.1,8,125.2,방송프로그램,주중
213,2020,UAE,직업별,자영업자,34,14.7,5.9,23.5,29.4,20.6,0,5.9,112.9,방송프로그램,주중
214,2020,UAE,직업별,시간제근로자,15,26.7,0,26.7,33.3,13.3,0,0,89,방송프로그램,주중
215,2020,UAE,직업별,학생,46,41.3,0,17.4,15.2,10.9,15.2,0,89.9,방송프로그램,주중
216,2020,UAE,직업별,가사노동자,28,21.4,3.6,25,32.1,14.3,0,3.6,97.4,방송프로그램,주중
217,2020,UAE,직업별,은퇴자,16,18.8,0,37.5,6.3,12.5,12.5,12.5,129.8,방송프로그램,주중
218,2020,UAE,직업별,무직/구직 중,12,16.7,0,16.7,33.3,25,8.3,0,125.4,방송프로그램,주중
219,2020,영국,소득별,평균 이하,189,3.2,10.6,15.3,10.1,12.7,48.1,281.2,279.2,방송프로그램,주중
220,2020,영국,소득별,평균 이상,122,4.1,4.9,12.3,21.3,12.3,45.1,279.2,281.2,방송프로그램,주중
221,2020,호주,소득별,평균 이하,119,21,1.7,15.1,20.2,9.2,10.9,21.8,163.6,방송프로그램,주중
222,2020,호주,소득별,평균 이상,83,13.3,1.2,27.7,26.5,8.4,13.3,9.6,131.5,방송프로그램,주중
223,2020,러시아,소득별,평균 이하,191,22.5,4.7,18.8,25.1,8.4,6.3,14.1,127.4,방송프로그램,주중
224,2020,러시아,소득별,평균 이상,122,20.5,9,22.1,28.7,13.9,2.5,3.3,102.5,방송프로그램,주중
225,2020,브라질,소득별,평균 이하,178,12.4,1.1,15.2,36.5,19.7,2.8,12.4,146.6,방송프로그램,주중
226,2020,브라질,소득별,평균 이상,87,6.9,1.1,18.4,29.9,20.7,5.7,17.2,168,방송프로그램,주중
227,2020,UAE,소득별,평균 이하,165,20,1.2,22.4,24.8,13.9,9.1,8.5,123.8,방송프로그램,주중
228,2020,UAE,소득별,평균 이상,122,18.9,2.5,23,27,17.2,6.6,4.9,116.3,방송프로그램,주중
229,2020,영국,국가별,전체,373,23.3,2.7,21.4,20.4,9.7,5.1,17.4,136.7,방송프로그램,주말
230,2020,호주,국가별,전체,301,24.3,2,12.3,20.6,18.3,11.3,11.3,132,방송프로그램,주말
231,2020,러시아,국가별,전체,367,23.7,2.7,16.6,23.4,16.9,8.4,8.2,120.5,방송프로그램,주말
232,2020,브라질,국가별,전체,368,10.3,1.1,8.2,23.1,15.2,12.5,29.6,211.2,방송프로그램,주말
233,2020,UAE,국가별,전체,355,20.8,1.7,15.2,19.4,14.1,13,15.8,147.5,방송프로그램,주말
234,2020,영국,성별,남성,210,21.4,2.9,22.4,20,11,4.8,17.6,138,방송프로그램,주말
235,2020,영국,성별,여성,163,25.8,2.5,20.2,20.9,8,5.5,17.2,135,방송프로그램,주말
236,2020,호주,성별,남성,146,21.2,0.7,13,22.6,17.8,12.3,12.3,140,방송프로그램,주말
237,2020,호주,성별,여성,155,27.1,3.2,11.6,18.7,18.7,10.3,10.3,124.5,방송프로그램,주말
238,2020,러시아,성별,남성,185,22.2,3.8,18.4,25.9,14.1,9.7,5.9,117.3,방송프로그램,주말
239,2020,러시아,성별,여성,182,25.3,1.6,14.8,20.9,19.8,7.1,10.4,123.6,방송프로그램,주말
240,2020,브라질,성별,남성,185,7,1.6,8.1,21.6,19.5,14.6,27.6,214.7,방송프로그램,주말
241,2020,브라질,성별,여성,183,13.7,0.5,8.2,24.6,10.9,10.4,31.7,207.7,방송프로그램,주말
242,2020,UAE,성별,남성,184,19.6,2.2,15.2,21.2,15.8,7.6,18.5,148.8,방송프로그램,주말
243,2020,UAE,성별,여성,171,22.2,1.2,15.2,17.5,12.3,18.7,12.9,146.2,방송프로그램,주말
244,2020,영국,연령별,10대,59,28.8,3.4,20.3,18.6,10.2,3.4,15.3,126.2,방송프로그램,주말
245,2020,영국,연령별,20대,84,23.8,3.6,22.6,15.5,9.5,8.3,16.7,134.6,방송프로그램,주말
246,2020,영국,연령별,30대,72,22.2,0,22.2,20.8,5.6,5.6,23.6,151.6,방송프로그램,주말
247,2020,영국,연령별,40대,60,20,5,21.7,21.7,10,5,16.7,135.2,방송프로그램,주말
248,2020,영국,연령별,50대 이상,98,22.4,2,20.4,24.5,12.2,3.1,15.3,134.9,방송프로그램,주말
249,2020,호주,연령별,10대,48,29.2,2.1,8.3,16.7,22.9,10.4,10.4,127.5,방송프로그램,주말
250,2020,호주,연령별,20대,77,18.2,0,16.9,23.4,16.9,9.1,15.6,144.1,방송프로그램,주말
251,2020,호주,연령별,30대,59,18.6,3.4,8.5,27.1,20.3,10.2,11.9,141.3,방송프로그램,주말
252,2020,호주,연령별,40대,51,21.6,3.9,17.6,25.5,15.7,7.8,7.8,118.8,방송프로그램,주말
253,2020,호주,연령별,50대 이상,66,34.8,1.5,9.1,10.6,16.7,18.2,9.1,123.1,방송프로그램,주말
254,2020,러시아,연령별,10대,50,12,4,12,26,30,8,8,148,방송프로그램,주말
255,2020,러시아,연령별,20대,75,17.3,2.7,16,24,16,16,8,137,방송프로그램,주말
256,2020,러시아,연령별,30대,65,23.1,1.5,10.8,29.2,20,6.2,9.2,126.2,방송프로그램,주말
257,2020,러시아,연령별,40대,64,18.8,0,21.9,28.1,18.8,4.7,7.8,121.3,방송프로그램,주말
258,2020,러시아,연령별,50대 이상,113,36.3,4.4,19.5,15.9,8.8,7.1,8,93.6,방송프로그램,주말
259,2020,브라질,연령별,10대,48,12.5,2.1,6.3,29.2,12.5,14.6,22.9,186.6,방송프로그램,주말
260,2020,브라질,연령별,20대,65,7.7,1.5,12.3,20,18.5,12.3,27.7,205.4,방송프로그램,주말
261,2020,브라질,연령별,30대,75,8,0,8,26.7,17.3,13.3,26.7,212.3,방송프로그램,주말
262,2020,브라질,연령별,40대,64,7.8,0,6.3,21.9,18.8,7.8,37.5,244.2,방송프로그램,주말
263,2020,브라질,연령별,50대 이상,116,13.8,1.7,7.8,20.7,11.2,13.8,31,205.9,방송프로그램,주말
264,2020,UAE,연령별,10대,45,46.7,0,8.9,24.4,4.4,4.4,11.1,97.5,방송프로그램,주말
265,2020,UAE,연령별,20대,68,8.8,1.5,17.6,13.2,14.7,17.6,26.5,186.2,방송프로그램,주말
266,2020,UAE,연령별,30대,74,14.9,2.7,18.9,18.9,14.9,12.2,17.6,155.5,방송프로그램,주말
267,2020,UAE,연령별,40대,65,13.8,0,13.8,23.1,16.9,18.5,13.8,162.2,방송프로그램,주말
268,2020,UAE,연령별,50대 이상,103,26.2,2.9,14.6,19.4,15.5,10.7,10.7,128.9,방송프로그램,주말
269,2020,영국,학력별,고졸 이하,149,25.5,3.4,20.1,20.1,11.4,4.7,14.8,129.2,방송프로그램,주말
270,2020,영국,학력별,대졸 이상,220,21.4,2.3,21.8,20.9,8.6,5.5,19.5,143.8,방송프로그램,주말
271,2020,호주,학력별,고졸 이하,124,33.1,0.8,10.5,18.5,16.1,9.7,11.3,120.4,방송프로그램,주말
272,2020,호주,학력별,대졸 이상,172,18,2.9,13.4,21.5,20.3,12.2,11.6,141,방송프로그램,주말
273,2020,러시아,학력별,고졸 이하,103,20.4,4.9,18.4,25.2,16.5,7.8,6.8,119.8,방송프로그램,주말
274,2020,러시아,학력별,대졸 이상,260,25,1.9,16.2,21.9,17.3,8.8,8.8,121.2,방송프로그램,주말
275,2020,브라질,학력별,고졸 이하,169,14.2,2.4,7.7,21.9,10.7,10.7,32.5,207.6,방송프로그램,주말
276,2020,브라질,학력별,대졸 이상,198,7.1,0,8.6,24.2,18.7,14.1,27.3,214.3,방송프로그램,주말
277,2020,UAE,학력별,고졸 이하,76,31.6,0,14.5,22.4,7.9,6.6,17.1,126,방송프로그램,주말
278,2020,UAE,학력별,대졸 이상,274,17.5,2.2,15.7,19,16.1,15,14.6,152.5,방송프로그램,주말
279,2020,영국,직업별,전일제근로자,177,18.6,2.3,23.2,22,9,5.1,19.8,145.6,방송프로그램,주말
280,2020,영국,직업별,자영업자,39,23.1,2.6,25.6,15.4,12.8,7.7,12.8,140.4,방송프로그램,주말
281,2020,영국,직업별,시간제근로자,20,25,5,20,25,5,0,20,122.6,방송프로그램,주말
282,2020,영국,직업별,학생,52,32.7,3.8,19.2,15.4,11.5,1.9,15.4,111.2,방송프로그램,주말
283,2020,영국,직업별,가사노동자,19,26.3,5.3,21.1,10.5,5.3,15.8,15.8,134.9,방송프로그램,주말
284,2020,영국,직업별,은퇴자,29,34.5,0,17.2,24.1,13.8,0,10.3,110.5,방송프로그램,주말
285,2020,영국,직업별,무직/구직 중,35,20,2.9,17.1,22.9,8.6,8.6,20,160.5,방송프로그램,주말
286,2020,호주,직업별,전일제근로자,119,15.1,1.7,14.3,23.5,18.5,14.3,12.6,149.9,방송프로그램,주말
287,2020,호주,직업별,자영업자,52,17.3,5.8,13.5,26.9,19.2,7.7,9.6,130,방송프로그램,주말
288,2020,호주,직업별,시간제근로자,10,70,0,0,0,10,10,10,75,방송프로그램,주말
289,2020,호주,직업별,학생,45,33.3,2.2,11.1,11.1,20,13.3,8.9,118.8,방송프로그램,주말
290,2020,호주,직업별,가사노동자,18,22.2,0,5.6,27.8,27.8,5.6,11.1,138.3,방송프로그램,주말
291,2020,호주,직업별,은퇴자,24,50,0,4.2,4.2,16.7,16.7,8.3,105,방송프로그램,주말
292,2020,호주,직업별,무직/구직 중,30,26.7,0,13.3,26.7,13.3,3.3,16.7,126.4,방송프로그램,주말
293,2020,러시아,직업별,전일제근로자,200,20.5,2,18,25.5,17.5,9,7.5,124.6,방송프로그램,주말
294,2020,러시아,직업별,자영업자,15,20,0,13.3,20,20,6.7,20,152.3,방송프로그램,주말
295,2020,러시아,직업별,시간제근로자,38,23.7,5.3,13.2,26.3,10.5,7.9,13.2,122.9,방송프로그램,주말
296,2020,러시아,직업별,학생,37,16.2,2.7,18.9,21.6,24.3,16.2,0,131.2,방송프로그램,주말
297,2020,러시아,직업별,가사노동자,14,35.7,14.3,0,0,35.7,0,14.3,111.4,방송프로그램,주말
298,2020,러시아,직업별,은퇴자,33,45.5,3,18.2,18.2,6.1,3,6.1,71.5,방송프로그램,주말
299,2020,러시아,직업별,무직/구직 중,22,22.7,0,22.7,18.2,13.6,9.1,13.6,131.9,방송프로그램,주말
300,2020,브라질,직업별,전일제근로자,166,8.4,0.6,7.8,23.5,16.9,13.3,29.5,217.5,방송프로그램,주말
301,2020,브라질,직업별,자영업자,31,6.5,0,16.1,12.9,9.7,12.9,41.9,248.8,방송프로그램,주말
302,2020,브라질,직업별,시간제근로자,62,12.9,1.6,3.2,21,14.5,12.9,33.9,220.4,방송프로그램,주말
303,2020,브라질,직업별,학생,35,17.1,0,11.4,31.4,14.3,11.4,14.3,158.9,방송프로그램,주말
304,2020,브라질,직업별,가사노동자,11,9.1,0,18.2,18.2,0,9.1,45.5,222.7,방송프로그램,주말
305,2020,브라질,직업별,은퇴자,34,11.8,2.9,11.8,23.5,14.7,8.8,26.5,190.6,방송프로그램,주말
306,2020,브라질,직업별,무직/구직 중,25,12,4,0,32,16,12,24,189.4,방송프로그램,주말
307,2020,UAE,직업별,전일제근로자,199,15.6,0.5,14.1,19.1,19.6,14.6,16.6,163.2,방송프로그램,주말
308,2020,UAE,직업별,자영업자,34,23.5,5.9,11.8,20.6,5.9,26.5,5.9,133,방송프로그램,주말
309,2020,UAE,직업별,시간제근로자,15,26.7,0,13.3,20,13.3,20,6.7,132.4,방송프로그램,주말
310,2020,UAE,직업별,학생,46,43.5,0,13,19.6,4.3,2.2,17.4,106.2,방송프로그램,주말
311,2020,UAE,직업별,가사노동자,28,17.9,7.1,25,17.9,3.6,14.3,14.3,129.3,방송프로그램,주말
312,2020,UAE,직업별,은퇴자,16,18.8,6.3,18.8,25,12.5,0,18.8,136.8,방송프로그램,주말
313,2020,UAE,직업별,무직/구직 중,12,16.7,0,16.7,25,16.7,0,25,160,방송프로그램,주말
314,2020,영국,소득별,평균 이하,161,16.8,3.1,23,20.5,13,4.3,19.3,155.1,방송프로그램,주말
315,2020,영국,소득별,평균 이상,114,23.7,3.5,20.2,22.8,5.3,5.3,19.3,134.9,방송프로그램,주말
316,2020,호주,소득별,평균 이하,119,23.5,0.8,14.3,13.4,19.3,14.3,14.3,142,방송프로그램,주말
317,2020,호주,소득별,평균 이상,83,14.5,2.4,15.7,27.7,16.9,12,10.8,142.1,방송프로그램,주말
318,2020,러시아,소득별,평균 이하,191,25.1,2.6,14.7,22,15.2,12.6,7.9,122.5,방송프로그램,주말
319,2020,러시아,소득별,평균 이상,122,18,3.3,21.3,24.6,18,4.9,9.8,125.8,방송프로그램,주말
320,2020,브라질,소득별,평균 이하,178,9,2.2,8.4,21.3,15.2,12.9,30.9,213.7,방송프로그램,주말
321,2020,브라질,소득별,평균 이상,87,4.6,0,9.2,23,18.4,17.2,27.6,226.8,방송프로그램,주말
322,2020,UAE,소득별,평균 이하,165,18.8,1.2,15.2,23.6,10.9,13.9,16.4,152.2,방송프로그램,주말
323,2020,UAE,소득별,평균 이상,122,15.6,1.6,18,15.6,21.3,12.3,15.6,155.3,방송프로그램,주말
324,2020,영국,국가별,전체,373,37,4.6,11,14.2,9.7,7.8,15.8,127.1,동영상콘텐츠,주중
325,2020,호주,국가별,전체,301,38.2,2,18.9,17.9,8.3,7,7.6,94,동영상콘텐츠,주중
326,2020,러시아,국가별,전체,367,26.2,7.6,23.2,22.6,7.1,6.5,6.8,97.8,동영상콘텐츠,주중
327,2020,브라질,국가별,전체,368,13.6,0.8,16,25,23.6,11.7,9.2,145.8,동영상콘텐츠,주중
328,2020,UAE,국가별,전체,355,20.3,4.5,25.4,24.2,11.5,7.9,6.2,110.1,동영상콘텐츠,주중
329,2020,영국,성별,남성,210,34.3,2.9,13.3,16.7,10,6.7,16.2,131.6,동영상콘텐츠,주중
330,2020,영국,성별,여성,163,40.5,6.7,8,11,9.2,9.2,15.3,121.4,동영상콘텐츠,주중
331,2020,호주,성별,남성,146,32.9,0.7,19.9,19.9,11,8.2,7.5,105.8,동영상콘텐츠,주중
332,2020,호주,성별,여성,155,43.2,3.2,18.1,16.1,5.8,5.8,7.7,82.8,동영상콘텐츠,주중
333,2020,러시아,성별,남성,185,27.6,6.5,21.1,24.9,5.9,7,7,99.1,동영상콘텐츠,주중
334,2020,러시아,성별,여성,182,24.7,8.8,25.3,20.3,8.2,6,6.6,96.4,동영상콘텐츠,주중
335,2020,브라질,성별,남성,185,9.7,0,18.9,25.9,25.4,14.1,5.9,147.2,동영상콘텐츠,주중
336,2020,브라질,성별,여성,183,17.5,1.6,13.1,24,21.9,9.3,12.6,144.3,동영상콘텐츠,주중
337,2020,UAE,성별,남성,184,17.4,4.3,24.5,25.5,14.1,9.2,4.9,114.9,동영상콘텐츠,주중
338,2020,UAE,성별,여성,171,23.4,4.7,26.3,22.8,8.8,6.4,7.6,104.9,동영상콘텐츠,주중
339,2020,영국,연령별,10대,59,33.9,1.7,10.2,15.3,8.5,11.9,18.6,137.7,동영상콘텐츠,주중
340,2020,영국,연령별,20대,84,34.5,7.1,11.9,11.9,8.3,8.3,17.9,128.4,동영상콘텐츠,주중
341,2020,영국,연령별,30대,72,29.2,1.4,13.9,18.1,12.5,5.6,19.4,159.5,동영상콘텐츠,주중
342,2020,영국,연령별,40대,60,26.7,5,15,21.7,11.7,6.7,13.3,124.2,동영상콘텐츠,주중
343,2020,영국,연령별,50대 이상,98,53.1,6.1,6.1,8.2,8.2,7.1,11.2,97.7,동영상콘텐츠,주중
344,2020,호주,연령별,10대,48,31.3,0,14.6,20.8,10.4,12.5,10.4,118.3,동영상콘텐츠,주중
345,2020,호주,연령별,20대,77,27.3,1.3,22.1,24.7,6.5,5.2,13,114.7,동영상콘텐츠,주중
346,2020,호주,연령별,30대,59,33.9,0,20.3,22,6.8,8.5,8.5,104.6,동영상콘텐츠,주중
347,2020,호주,연령별,40대,51,45.1,3.9,21.6,13.7,9.8,5.9,0,65,동영상콘텐츠,주중
348,2020,호주,연령별,50대 이상,66,54.5,4.5,15.2,7.6,9.1,4.5,4.5,65,동영상콘텐츠,주중
349,2020,러시아,연령별,10대,50,12,4,20,24,12,14,14,149.3,동영상콘텐츠,주중
350,2020,러시아,연령별,20대,75,20,5.3,24,36,8,1.3,5.3,98,동영상콘텐츠,주중
351,2020,러시아,연령별,30대,65,15.4,9.2,26.2,23.1,6.2,13.8,6.2,114.8,동영상콘텐츠,주중
352,2020,러시아,연령별,40대,64,31.3,6.3,21.9,26.6,4.7,6.3,3.1,85.5,동영상콘텐츠,주중
353,2020,러시아,연령별,50대 이상,113,39.8,10.6,23,10.6,6.2,2.7,7.1,71.9,동영상콘텐츠,주중
354,2020,브라질,연령별,10대,48,4.2,2.1,16.7,22.9,29.2,16.7,8.3,165,동영상콘텐츠,주중
355,2020,브라질,연령별,20대,65,16.9,1.5,13.8,15.4,33.8,6.2,12.3,144.7,동영상콘텐츠,주중
356,2020,브라질,연령별,30대,75,12,0,14.7,25.3,22.7,10.7,14.7,160,동영상콘텐츠,주중
357,2020,브라질,연령별,40대,64,15.6,0,15.6,31.3,20.3,9.4,7.8,136.7,동영상콘텐츠,주중
358,2020,브라질,연령별,50대 이상,116,15.5,0.9,18.1,27.6,18.1,14.7,5.2,134.2,동영상콘텐츠,주중
359,2020,UAE,연령별,10대,45,37.8,0,13.3,24.4,11.1,8.9,4.4,97,동영상콘텐츠,주중
360,2020,UAE,연령별,20대,68,17.6,4.4,19.1,22.1,19.1,10.3,7.4,126.7,동영상콘텐츠,주중
361,2020,UAE,연령별,30대,74,16.2,2.7,27,21.6,9.5,12.2,10.8,128.4,동영상콘텐츠,주중
362,2020,UAE,연령별,40대,65,13.8,6.2,41.5,24.6,4.6,3.1,6.2,97.3,동영상콘텐츠,주중
363,2020,UAE,연령별,50대 이상,103,21.4,6.8,23.3,27.2,12.6,5.8,2.9,99.7,동영상콘텐츠,주중
364,2020,영국,학력별,고졸 이하,149,43,2.7,12.8,11.4,11.4,8.1,10.7,111.7,동영상콘텐츠,주중
365,2020,영국,학력별,대졸 이상,220,32.7,5.9,9.5,16.4,8.2,7.7,19.5,138.8,동영상콘텐츠,주중
366,2020,호주,학력별,고졸 이하,124,37.1,2.4,12.1,19.4,9.7,8.9,10.5,107.2,동영상콘텐츠,주중
367,2020,호주,학력별,대졸 이상,172,39,1.7,23.8,16.3,7.6,5.8,5.8,85.1,동영상콘텐츠,주중
368,2020,러시아,학력별,고졸 이하,103,24.3,6.8,21.4,18.4,9.7,7.8,11.7,115.1,동영상콘텐츠,주중
369,2020,러시아,학력별,대졸 이상,260,26.5,8.1,23.8,24.6,6.2,6.2,4.6,90.8,동영상콘텐츠,주중
370,2020,브라질,학력별,고졸 이하,169,14.8,1.2,14.2,19.5,30.2,14.8,5.3,146.8,동영상콘텐츠,주중
371,2020,브라질,학력별,대졸 이상,198,12.6,0.5,17.7,29.8,18.2,8.6,12.6,144.4,동영상콘텐츠,주중
372,2020,UAE,학력별,고졸 이하,76,30.3,0,23.7,15.8,10.5,11.8,7.9,109.5,동영상콘텐츠,주중
373,2020,UAE,학력별,대졸 이상,274,16.8,5.8,26.3,26.3,12,6.9,5.8,111.1,동영상콘텐츠,주중
374,2020,영국,직업별,전일제근로자,177,27.7,5.6,12.4,17.5,11.3,5.6,19.8,147.3,동영상콘텐츠,주중
375,2020,영국,직업별,자영업자,39,33.3,2.6,12.8,12.8,5.1,15.4,17.9,139.7,동영상콘텐츠,주중
376,2020,영국,직업별,시간제근로자,20,30,5,15,20,10,10,10,120.2,동영상콘텐츠,주중
377,2020,영국,직업별,학생,52,34.6,5.8,7.7,13.5,11.5,13.5,13.5,128.5,동영상콘텐츠,주중
378,2020,영국,직업별,가사노동자,19,52.6,5.3,5.3,10.5,15.8,0,10.5,97,동영상콘텐츠,주중
379,2020,영국,직업별,은퇴자,29,82.8,0,3.4,3.4,6.9,0,3.4,40.5,동영상콘텐츠,주중
380,2020,영국,직업별,무직/구직 중,35,45.7,2.9,14.3,8.6,2.9,11.4,14.3,108.4,동영상콘텐츠,주중
381,2020,호주,직업별,전일제근로자,119,31.1,0.8,23.5,21,8.4,6.7,8.4,103.7,동영상콘텐츠,주중
382,2020,호주,직업별,자영업자,52,34.6,5.8,19.2,25,7.7,1.9,5.8,83.1,동영상콘텐츠,주중
383,2020,호주,직업별,시간제근로자,10,50,0,10,0,10,10,20,120,동영상콘텐츠,주중
384,2020,호주,직업별,학생,45,40,2.2,13.3,13.3,11.1,8.9,11.1,105.6,동영상콘텐츠,주중
385,2020,호주,직업별,가사노동자,18,55.6,5.6,11.1,16.7,0,5.6,5.6,63.9,동영상콘텐츠,주중
386,2020,호주,직업별,은퇴자,24,58.3,0,16.7,8.3,8.3,8.3,0,55.5,동영상콘텐츠,주중
387,2020,호주,직업별,무직/구직 중,30,43.3,0,16.7,13.3,6.7,13.3,6.7,94.2,동영상콘텐츠,주중
388,2020,러시아,직업별,전일제근로자,200,24,8.5,23,27.5,6,6,5,94.4,동영상콘텐츠,주중
389,2020,러시아,직업별,자영업자,15,20,0,20,26.7,6.7,26.7,0,127.3,동영상콘텐츠,주중
390,2020,러시아,직업별,시간제근로자,38,18.4,10.5,28.9,18.4,7.9,7.9,7.9,104.1,동영상콘텐츠,주중
391,2020,러시아,직업별,학생,37,13.5,8.1,27,27,10.8,5.4,8.1,116.4,동영상콘텐츠,주중
392,2020,러시아,직업별,가사노동자,14,42.9,14.3,14.3,0,7.1,7.1,14.3,90,동영상콘텐츠,주중
393,2020,러시아,직업별,은퇴자,33,51.5,3,21.2,3,9.1,0,12.1,75,동영상콘텐츠,주중
394,2020,러시아,직업별,무직/구직 중,22,31.8,4.5,13.6,22.7,9.1,4.5,13.6,114.3,동영상콘텐츠,주중
395,2020,브라질,직업별,전일제근로자,166,12,0.6,15.1,28.9,22.9,11.4,9,148.4,동영상콘텐츠,주중
396,2020,브라질,직업별,자영업자,31,9.7,3.2,19.4,32.3,12.9,9.7,12.9,144.3,동영상콘텐츠,주중
397,2020,브라질,직업별,시간제근로자,62,14.5,0,16.1,22.6,25.8,9.7,11.3,145.9,동영상콘텐츠,주중
398,2020,브라질,직업별,학생,35,17.1,0,20,20,22.9,17.1,2.9,135.7,동영상콘텐츠,주중
399,2020,브라질,직업별,가사노동자,11,27.3,0,18.2,9.1,27.3,9.1,9.1,126.8,동영상콘텐츠,주중
400,2020,브라질,직업별,은퇴자,34,17.6,2.9,14.7,23.5,20.6,14.7,5.9,134,동영상콘텐츠,주중
401,2020,브라질,직업별,무직/구직 중,25,12,0,12,12,40,12,12,162.5,동영상콘텐츠,주중
402,2020,UAE,직업별,전일제근로자,199,15.1,4.5,27.6,24.6,12.6,10.1,5.5,116.3,동영상콘텐츠,주중
403,2020,UAE,직업별,자영업자,34,17.6,11.8,32.4,29.4,2.9,0,5.9,87.9,동영상콘텐츠,주중
404,2020,UAE,직업별,시간제근로자,15,13.3,0,46.7,40,0,0,0,86.1,동영상콘텐츠,주중
405,2020,UAE,직업별,학생,46,41.3,0,13,17.4,8.7,13,6.5,99.9,동영상콘텐츠,주중
406,2020,UAE,직업별,가사노동자,28,21.4,7.1,25,21.4,10.7,7.1,7.1,108.6,동영상콘텐츠,주중
407,2020,UAE,직업별,은퇴자,16,12.5,6.3,12.5,31.3,31.3,0,6.3,127.3,동영상콘텐츠,주중
408,2020,UAE,직업별,무직/구직 중,12,33.3,0,16.7,8.3,16.7,0,25,138,동영상콘텐츠,주중
409,2020,영국,소득별,평균 이하,161,31.7,3.1,13,16.1,10.6,8.7,16.8,142.3,동영상콘텐츠,주중
410,2020,영국,소득별,평균 이상,114,34.2,6.1,8.8,17.5,10.5,4.4,18.4,127.4,동영상콘텐츠,주중
411,2020,호주,소득별,평균 이하,119,37,2.5,15.1,21.8,6.7,6.7,10.1,101.7,동영상콘텐츠,주중
412,2020,호주,소득별,평균 이상,83,34.9,2.4,24.1,19.3,9.6,4.8,4.8,86.4,동영상콘텐츠,주중
413,2020,러시아,소득별,평균 이하,191,26.2,5.8,21.5,25.1,5.2,6.3,9.9,105.1,동영상콘텐츠,주중
414,2020,러시아,소득별,평균 이상,122,23,10.7,28.7,21.3,8.2,6.6,1.6,86.6,동영상콘텐츠,주중
415,2020,브라질,소득별,평균 이하,178,14,0.6,14,25.8,25.3,11.8,8.4,147.3,동영상콘텐츠,주중
416,2020,브라질,소득별,평균 이상,87,8,0,20.7,24.1,20.7,13.8,12.6,158.4,동영상콘텐츠,주중
417,2020,UAE,소득별,평균 이하,165,20,2.4,26.1,21.8,11.5,10.9,7.3,117.6,동영상콘텐츠,주중
418,2020,UAE,소득별,평균 이상,122,11.5,8.2,27,26.2,14.8,6.6,5.7,115.5,동영상콘텐츠,주중
419,2020,영국,국가별,전체,373,39.7,5.4,19,16.6,3.8,4.3,11.3,110.3,동영상콘텐츠,주말
420,2020,호주,국가별,전체,301,30.9,3.3,15,20.6,10,7,13.3,123.2,동영상콘텐츠,주말
421,2020,러시아,국가별,전체,367,22.9,6,17.7,21,17.2,9,6.3,113.9,동영상콘텐츠,주말
422,2020,브라질,국가별,전체,368,13.3,1.4,10.1,16.3,39.9,19,0,151.1,동영상콘텐츠,주말
423,2020,UAE,국가별,전체,355,20.3,3.4,15.2,24.5,17.2,11.5,7.9,129.1,동영상콘텐츠,주말
424,2020,영국,성별,남성,210,36.2,4.3,22.4,16.7,2.4,4.3,13.8,122,동영상콘텐츠,주말
425,2020,영국,성별,여성,163,44.2,6.7,14.7,16.6,5.5,4.3,8,95.3,동영상콘텐츠,주말
426,2020,호주,성별,남성,146,27.4,2.1,15.1,21.9,12.3,5.5,15.8,134.3,동영상콘텐츠,주말
427,2020,호주,성별,여성,155,34.2,4.5,14.8,19.4,7.7,8.4,11,112.8,동영상콘텐츠,주말
428,2020,러시아,성별,남성,185,23.2,7,15.1,24.3,17.8,7,5.4,111,동영상콘텐츠,주말
429,2020,러시아,성별,여성,182,22.5,4.9,20.3,17.6,16.5,11,7.1,116.9,동영상콘텐츠,주말
430,2020,브라질,성별,남성,185,9.2,1.1,11.4,21.6,35.7,21.1,0,154.7,동영상콘텐츠,주말
431,2020,브라질,성별,여성,183,17.5,1.6,8.7,10.9,44.3,16.9,0,147.3,동영상콘텐츠,주말
432,2020,UAE,성별,남성,184,16.3,3.3,16.8,25,17.9,12.5,8.2,135.2,동영상콘텐츠,주말
433,2020,UAE,성별,여성,171,24.6,3.5,13.5,24,16.4,10.5,7.6,122.5,동영상콘텐츠,주말
434,2020,영국,연령별,10대,59,44.1,1.7,15.3,10.2,6.8,6.8,15.3,128.3,동영상콘텐츠,주말
435,2020,영국,연령별,20대,84,34.5,2.4,17.9,21.4,3.6,8.3,11.9,126.6,동영상콘텐츠,주말
436,2020,영국,연령별,30대,72,34.7,8.3,19.4,16.7,4.2,2.8,13.9,105.4,동영상콘텐츠,주말
437,2020,영국,연령별,40대,60,35,6.7,25,18.3,1.7,3.3,10,124.6,동영상콘텐츠,주말
438,2020,영국,연령별,50대 이상,98,48,7.1,18.4,15.3,3.1,1,7.1,80.4,동영상콘텐츠,주말
439,2020,호주,연령별,10대,48,22.9,4.2,16.7,14.6,12.5,6.3,22.9,155,동영상콘텐츠,주말
440,2020,호주,연령별,20대,77,26,0,16.9,23.4,9.1,9.1,15.6,138.3,동영상콘텐츠,주말
441,2020,호주,연령별,30대,59,30.5,1.7,11.9,23.7,10.2,5.1,16.9,132.6,동영상콘텐츠,주말
442,2020,호주,연령별,40대,51,33.3,5.9,15.7,21.6,9.8,5.9,7.8,106.1,동영상콘텐츠,주말
443,2020,호주,연령별,50대 이상,66,40.9,6.1,13.6,18.2,9.1,7.6,4.5,87.3,동영상콘텐츠,주말
444,2020,러시아,연령별,10대,50,14,2,14,20,26,10,14,153.7,동영상콘텐츠,주말
445,2020,러시아,연령별,20대,75,13.3,5.3,17.3,21.3,22.7,16,4,135,동영상콘텐츠,주말
446,2020,러시아,연령별,30대,65,15.4,7.7,20,21.5,20,9.2,6.2,122.2,동영상콘텐츠,주말
447,2020,러시아,연령별,40대,64,25,3.1,21.9,29.7,9.4,6.3,4.7,101,동영상콘텐츠,주말
448,2020,러시아,연령별,50대 이상,113,36.3,8.8,15.9,15.9,12.4,5.3,5.3,84.9,동영상콘텐츠,주말
449,2020,브라질,연령별,10대,48,6.3,2.1,10.4,20.8,43.8,16.7,0,157.1,동영상콘텐츠,주말
450,2020,브라질,연령별,20대,65,18.5,0,13.8,10.8,46.2,10.8,0,135.1,동영상콘텐츠,주말
451,2020,브라질,연령별,30대,75,12,1.3,6.7,17.3,34.7,28,0,165,동영상콘텐츠,주말
452,2020,브라질,연령별,40대,64,12.5,0,9.4,20.3,43.8,14.1,0,149.7,동영상콘텐츠,주말
453,2020,브라질,연령별,50대 이상,116,14.7,2.6,10.3,14.7,36.2,21.6,0,149.2,동영상콘텐츠,주말
454,2020,UAE,연령별,10대,45,46.7,0,13.3,17.8,11.1,4.4,6.7,85.3,동영상콘텐츠,주말
455,2020,UAE,연령별,20대,68,14.7,4.4,11.8,20.6,16.2,20.6,11.8,153.7,동영상콘텐츠,주말
456,2020,UAE,연령별,30대,74,10.8,6.8,13.5,25.7,17.6,18.9,6.8,146.2,동영상콘텐츠,주말
457,2020,UAE,연령별,40대,65,16.9,3.1,18.5,24.6,21.5,6.2,9.2,130.8,동영상콘텐츠,주말
458,2020,UAE,연령별,50대 이상,103,21.4,1.9,17.5,29.1,17.5,6.8,5.8,118.6,동영상콘텐츠,주말
459,2020,영국,학력별,고졸 이하,149,44.3,4,17.4,16.1,3.4,4.7,10.1,109.8,동영상콘텐츠,주말
460,2020,영국,학력별,대졸 이상,220,35.5,6.4,20.5,17.3,4.1,4.1,12.3,112.7,동영상콘텐츠,주말
461,2020,호주,학력별,고졸 이하,124,30.6,4,12.1,18.5,7.3,8.1,19.4,140.7,동영상콘텐츠,주말
462,2020,호주,학력별,대졸 이상,172,31.4,2.9,16.3,22.7,11.6,5.8,9.3,110.9,동영상콘텐츠,주말
463,2020,러시아,학력별,고졸 이하,103,21.4,4.9,18.4,18.4,19.4,10.7,6.8,122.2,동영상콘텐츠,주말
464,2020,러시아,학력별,대졸 이상,260,23.1,6.5,17.7,21.9,16.2,8.5,6.2,111.2,동영상콘텐츠,주말
465,2020,브라질,학력별,고졸 이하,169,16.6,1.2,8.9,14.2,40.2,18.9,0,148.6,동영상콘텐츠,주말
466,2020,브라질,학력별,대졸 이상,198,10.6,1.5,11.1,18.2,39.4,19.2,0,152.9,동영상콘텐츠,주말
467,2020,UAE,학력별,고졸 이하,76,35.5,0,17.1,18.4,13.2,9.2,6.6,101.8,동영상콘텐츠,주말
468,2020,UAE,학력별,대졸 이상,274,16.4,4,15,26.6,17.9,12.4,7.7,135.1,동영상콘텐츠,주말
469,2020,영국,직업별,전일제근로자,177,32.8,6.2,20.3,19.8,1.7,5.1,14.1,127.9,동영상콘텐츠,주말
470,2020,영국,직업별,자영업자,39,35.9,7.7,28.2,12.8,5.1,5.1,5.1,83.9,동영상콘텐츠,주말
471,2020,영국,직업별,시간제근로자,20,30,0,30,30,0,5,5,83.5,동영상콘텐츠,주말
472,2020,영국,직업별,학생,52,48.1,0,13.5,13.5,5.8,5.8,13.5,114.3,동영상콘텐츠,주말
473,2020,영국,직업별,가사노동자,19,57.9,5.3,5.3,10.5,10.5,5.3,5.3,66.5,동영상콘텐츠,주말
474,2020,영국,직업별,은퇴자,29,72.4,6.9,10.3,6.9,0,0,3.4,36.4,동영상콘텐츠,주말
475,2020,영국,직업별,무직/구직 중,35,34.3,8.6,17.1,14.3,11.4,0,14.3,150.1,동영상콘텐츠,주말
476,2020,호주,직업별,전일제근로자,119,26.1,1.7,14.3,24.4,12.6,6.7,14.3,139,동영상콘텐츠,주말
477,2020,호주,직업별,자영업자,52,23.1,7.7,19.2,25,9.6,9.6,5.8,104.3,동영상콘텐츠,주말
478,2020,호주,직업별,시간제근로자,10,40,0,10,10,10,10,20,156.5,동영상콘텐츠,주말
479,2020,호주,직업별,학생,45,31.1,2.2,13.3,15.6,8.9,4.4,24.4,147.8,동영상콘텐츠,주말
480,2020,호주,직업별,가사노동자,18,38.9,11.1,22.2,16.7,0,11.1,0,64.1,동영상콘텐츠,주말
481,2020,호주,직업별,은퇴자,24,54.2,0,12.5,20.8,8.3,0,4.2,63.3,동영상콘텐츠,주말
482,2020,호주,직업별,무직/구직 중,30,40,3.3,10,13.3,10,6.7,16.7,115.1,동영상콘텐츠,주말
483,2020,러시아,직업별,전일제근로자,200,19.5,6.5,18.5,23.5,17,8,7,117.5,동영상콘텐츠,주말
484,2020,러시아,직업별,자영업자,15,20,0,13.3,33.3,26.7,6.7,0,125.7,동영상콘텐츠,주말
485,2020,러시아,직업별,시간제근로자,38,18.4,7.9,23.7,15.8,10.5,13.2,10.5,121.5,동영상콘텐츠,주말
486,2020,러시아,직업별,학생,37,13.5,5.4,16.2,13.5,29.7,13.5,8.1,145.2,동영상콘텐츠,주말
487,2020,러시아,직업별,가사노동자,14,28.6,21.4,7.1,28.6,7.1,7.1,0,77.1,동영상콘텐츠,주말
488,2020,러시아,직업별,은퇴자,33,54.5,3,12.1,15.2,9.1,3,3,59.2,동영상콘텐츠,주말
489,2020,러시아,직업별,무직/구직 중,22,22.7,0,22.7,13.6,18.2,18.2,4.5,122.6,동영상콘텐츠,주말
490,2020,브라질,직업별,전일제근로자,166,10.8,1.8,7.8,20.5,38,21.1,0,157.2,동영상콘텐츠,주말
491,2020,브라질,직업별,자영업자,31,16.1,0,19.4,6.5,48.4,9.7,0,135.6,동영상콘텐츠,주말
492,2020,브라질,직업별,시간제근로자,62,16.1,0,8.1,11.3,41.9,22.6,0,155.8,동영상콘텐츠,주말
493,2020,브라질,직업별,학생,35,14.3,0,14.3,14.3,37.1,20,0,144.4,동영상콘텐츠,주말
494,2020,브라질,직업별,가사노동자,11,27.3,0,9.1,27.3,18.2,18.2,0,121.8,동영상콘텐츠,주말
495,2020,브라질,직업별,은퇴자,34,14.7,2.9,8.8,20.6,35.3,17.6,0,143.9,동영상콘텐츠,주말
496,2020,브라질,직업별,무직/구직 중,25,12,4,12,8,56,8,0,146.1,동영상콘텐츠,주말
497,2020,UAE,직업별,전일제근로자,199,12.6,3.5,14.1,26.1,20.6,14.6,8.5,146,동영상콘텐츠,주말
498,2020,UAE,직업별,자영업자,34,17.6,8.8,23.5,32.4,5.9,5.9,5.9,104.4,동영상콘텐츠,주말
499,2020,UAE,직업별,시간제근로자,15,20,0,26.7,33.3,6.7,6.7,6.7,112,동영상콘텐츠,주말
500,2020,UAE,직업별,학생,46,52.2,0,8.7,8.7,10.9,10.9,8.7,92.3,동영상콘텐츠,주말
501,2020,UAE,직업별,가사노동자,28,25,3.6,7.1,28.6,17.9,7.1,10.7,133.3,동영상콘텐츠,주말
502,2020,UAE,직업별,은퇴자,16,12.5,0,31.3,25,18.8,6.3,6.3,119.6,동영상콘텐츠,주말
503,2020,UAE,직업별,무직/구직 중,12,33.3,0,25,8.3,25,8.3,0,97.3,동영상콘텐츠,주말
504,2020,영국,소득별,평균 이하,161,32.3,3.7,23,17.4,5.6,4.3,13.7,131.6,동영상콘텐츠,주말
505,2020,영국,소득별,평균 이상,114,36.8,7.9,18.4,20.2,1.8,3.5,11.4,106.9,동영상콘텐츠,주말
506,2020,호주,소득별,평균 이하,119,32.8,4.2,12.6,19.3,9.2,5.9,16,127.2,동영상콘텐츠,주말
507,2020,호주,소득별,평균 이상,83,22.9,4.8,18.1,22.9,15.7,4.8,10.8,123.2,동영상콘텐츠,주말
508,2020,러시아,소득별,평균 이하,191,25.7,4.7,16.8,20.4,15.7,8.9,7.9,113.5,동영상콘텐츠,주말
509,2020,러시아,소득별,평균 이상,122,14.8,6.6,23.8,20.5,19.7,9,5.7,121.7,동영상콘텐츠,주말
510,2020,브라질,소득별,평균 이하,178,12.9,1.7,7.9,15.7,44.9,16.9,0,154,동영상콘텐츠,주말
511,2020,브라질,소득별,평균 이상,87,5.7,1.1,13.8,16.1,37.9,25.3,0,165.3,동영상콘텐츠,주말
512,2020,UAE,소득별,평균 이하,165,18.8,1.2,15.2,24.8,19.4,11.5,9.1,136.6,동영상콘텐츠,주말
513,2020,UAE,소득별,평균 이상,122,15.6,6.6,18,26.2,15.6,11.5,6.6,126.8,동영상콘텐츠,주말
